id	prob	class	frag
J7R391_ECOLX	8.287864e-05	0	SEMTVKQFGGGNGAAVDQTASN
A0A6H0GY48_BACIU	5.2483165e-07	0	KKMLAKRYANEEEFVKDLDDNE
L7U507_MYXSD	2.3290097e-06	0	GSLSSNHEGGAYAYRMSKVALN
A0A3M1L8Q1_9BACT	0.04802429	0	ASATVLQSGNGNRATITQVSL
A0A0D1EEV7_9RHOB	0.001013362	0	TDMGGSAASVEQSARG
Q5E241_ALIF1	8.3511964e-05	0	AEVTLENGSNDNWIMINQTNND
A0A839I1A5_9GAMM	0.0019295553	0	NDSTIHVYGGSGNDALTKINGN
A0A085FPN3_9BURK	4.4545234e-07	0	HALVVGASGAIGAAFVDLLGAT
A0A357LWY1_9GAMM	1.6984993e-06	0	SEPFAEGIPEGRIYSAEQTAER
A0A1Y5IDE1_OSTTA	3.6987142e-06	0	GRLTISTLDVSDPASIDAWASG
A3Z6Q8_9SYNE	6.4526637e-07	0	GDLTVRQLAASEGWCVDLEDPR
Q72RV4_LEPIC	0.0012508753	0	PGMVATRMSGGQGISITESVEG
W0A274_AERHY	5.829196e-07	0	MSYLILGSGGLGGALAHELASR
A0A427V8N8_9ENTR	0.18615465	0	SDITISQRGNSHYANVVQTDNY
A0A1D6KFZ2_MAIZE	1.841365e-05	0	AARAFSAAASGGGVSLVQGASR
A0A812QQ64_9DINO	2.0756785e-05	0	GVEAVLAAGLGEQAPFDVVVNN
Q08P99_STIAD	0.00014226299	0	NQASVRAFASASDGPLDVLINN
A0A2I3C472_VIBAX	8.611175e-06	0	NQLQLMALDVTNQQDIDQLATQ
A0A090SZL6_9VIBR	0.0008161523	0	GNYAIWQVGNGSDAEVDQTGAQ
A0A0D0SWL5_PSEFL	7.973541e-05	0	HKLTVKTDMGGENAHIDVDTSV
A0A7M1SE72_9BACI	7.142406e-07	0	MEQTLAYLRETLSN
A0A250KTY8_9GAMM	7.429906e-06	0	PAISIHQLELGNFGQIDALAHA
A0A083ZLN5_RHIRD	5.454681e-05	0	DESQTGRFFAHDGSTIEW
A0A2G2JE74_9GAMM	7.2933112e-06	0	EVFTISRSGSSTHCVVDLTQST
A0A0S7H5D2_9TELE	0.003843975	0	SVASVLSVIGGHGSFLNFTGEQ
A0A0S7HMY0_9TELE	0.00021655935	0	ADLTVEQSVSGHGEFLDYHGQK
A0A0S7H500_9TELE	6.850763e-06	0	LASGGFSPGKIIATTRN
A0A0S7H4Z1_9TELE	5.8144497e-07	0	MGIQRAAVINMTSLL
D4DGA6_TRIVH	2.3276818e-06	0	KELIEKSAGRIEFVSIDVTSPE
A0A1E1MQI9_RHYSE	0.00014536605	0	DESSLQKVAGDRGKGLDVLVNN
B0YF33_ASPFC	0.000115692295	0	DAVTAVQGQLQGQGLDVLINN
Q066Z7_9SYNE	2.1731794e-06	0	LQQTPEQSGAWDGQPIDW
B6QW72_TALMQ	8.535114e-06	0	MATYLVTGSARGIGVQQLASK
A0A1Y1Y3I7_9FUNG	1.3347875e-06	0	SEAAMLRYIGDQTLSK
A0A316VR11_9BASI	0.00026313443	0	MDMQAKKHGSAGPYSVTKAAIN
B0Y7Z3_ASPFC	0.009131892	0	SGHRVIATARGPGSALDTIARD
A0A1L7XYI2_9HELO	0.050604124	0	SQDSIKQLGGNNAGIMDYTPGG
Q0IAG6_SYNS3	1.0840215e-06	0	MLCGRTLGSADDWLVDLQSPK
A0A446AV61_9PSED	0.0021458515	0	SQATVTQYGQTNESVIDQSFGD
A0A135IDC4_9GAMM	1.4059499e-05	0	GSLPEKKLGDLNTSN
W0GU18_9SYNE	3.2931023e-06	0	EEAPITWAGGGIGAAVAAELKR
I2BCF6_SHIBC	0.002686775	0	SLIDVNQKGHFNNAYVNQSADS
F0LDL8_AGRFH	7.187203e-07	0	TELSKQFSKGKDLFTPQQSAA
A0A0T7ENZ2_9VIBR	0.00224815	0	AQITVQPYGRSNDLRVTQVGNE
